{
  "state_01": [
    -0.16720767319202423,
    -0.7400557994842529,
    0.061478495597839355,
    -3.100648880004883,
    -0.6354119181632996,
    -1.9320650100708008,
    -0.0797809511423111
  ],
  "state_99": [
    0.33068886399269104,
    0.62769615650177,
    0.5980097651481628,
    3.0754168033599854,
    0.5073750615119934,
    1.7571194171905518,
    -0.013157396577298641
  ]
}